Date,sp500_Adj Close,sp500_Volume,sp500_Volatility,sp500_pct_change,sp500_label
1970-01-31,85.35499954223633,24530000,2.3489161229904907,2.119631585597086,1.0
1970-02-28,87.16421107241982,228380000,2.1905531457459695,1.7073178081166822,1.0
1970-03-31,88.65238117036365,212880000,1.8315218465058014,-3.045727127160135,1.0
1970-04-30,85.95227154818448,223120000,1.9441075088393274,-11.507366113425057,1.0
1970-05-31,76.06142897832962,258220000,3.054450342274652,-0.6281669797301573,1.0
1970-06-30,75.58363619717684,226420000,2.798242177532583,0.17861062138502118,1.0
1970-07-31,75.71863659945402,227740000,2.209183594214429,2.917355595156001,1.0
1970-08-31,77.92761848086403,218690000,2.0622890761556616,5.7055407914074925,1.0
1970-09-30,82.37381054106213,303290000,2.059022616539339,2.4233302042031326,1.0
1970-10-31,84.36999997225675,261370000,1.7907434838047944,-0.0936351636144624,1.0
1970-11-30,84.2909999847412,230290000,1.7283903385228818,6.835519983236551,1.0
1970-12-31,90.05272813276811,335240000,1.7668017644898046,3.8186205238721,1.0
1971-01-31,93.49150009155274,348490000,1.7365200345738956,3.8726568976887634,1.0
1971-02-28,97.11210511860095,371190000,1.72269555001845,2.563222479624141,1.0
1971-03-31,99.60130442743716,389880000,1.5055986196906224,3.4620219907770777,0.0
1971-04-30,103.04952348981585,401580000,1.6109562303076035,-1.3653854350710513,0.0
1971-05-31,101.64250030517579,307360000,1.5821780383312545,-1.9442036451294682,0.0
1971-06-30,99.66636310924183,303590000,1.6194238951563744,-0.6929608984485555,0.0
1971-07-31,98.97571418398903,265240000,1.6059487367004073,-1.753217205286562,0.0
1971-08-31,97.24045493386008,320520000,1.8153554620126453,2.2169118459595687,0.0
1971-09-30,99.3961900983538,252720000,1.4505621037827485,-2.1151525254252883,0.0
1971-10-31,97.29380907331195,280080000,1.5502689898609516,-4.639847539516063,0.0
1971-11-30,92.77952466692243,276410000,1.8947388246635066,6.886827641985451,0.0
1971-12-31,99.16909061778675,377680000,0.5453697798260435,4.164080019188498,0.0
1972-01-31,103.29857090541294,379490000,1.608681826451479,1.8823384743776852,0.0
1972-02-29,105.24299964904785,376260000,1.504058764081859,2.3255269442717097,0.0
1972-03-31,107.69045396284623,403650000,1.54082489298826,1.0405253561706007,0.0
1972-04-30,108.81100044250488,367990000,1.490866168732752,-1.0711656275805166,-1.0
1972-05-31,107.64545440673828,335850000,1.5254598007074003,0.33907668475777725,-1.0
1972-06-30,108.0104550448331,314510000,1.4585486544421256,-0.7438682269109064,-1.0
1972-07-31,107.20699958801269,288900000,1.6012254348198671,3.5449106072870697,-1.0
1972-08-31,111.00739188816236,356930000,1.5995028381407157,-1.4574621297352972,-1.0
1972-09-30,109.38950119018554,246190000,1.4400885562283428,0.15835702312594585,-1.0
1972-10-31,109.56272714788264,317300000,1.6140236664997656,5.0056006595340845,-1.0
1972-11-30,115.04699974060058,405570000,1.6967074130758906,2.129885113827577,-1.0
1972-12-31,117.49736866198089,344730000,1.4466473866918905,0.7868571890766834,-1.0
1973-01-31,118.42190515427362,393750000,1.7393975666191626,-3.5953598911958253,-1.0
1973-02-28,114.1642114739669,318190000,1.8494092147036445,-1.5317911633323447,-1.0
1973-03-31,112.41545417092063,343400000,1.8320699964255898,-1.9049466110662432,-1.0
1973-04-30,110.27399978637695,277990000,1.831931874928578,-2.7698767685294516,-1.0
1973-05-31,107.21954588456587,337260000,2.21821910421413,-2.2988197087856412,-1.0
1973-06-30,104.75476183210101,268700000,2.0048645960715796,1.0305243791747296,0.0
1973-07-31,105.83428519112724,307780000,2.043054372175881,-1.9225527876892003,0.0
1973-08-31,103.79956519085428,274460000,1.7114880042691423,1.7396010910714694,-1.0
1973-09-30,105.60526355944182,329070000,1.9886673181910768,4.014084816969024,-1.0
1973-10-31,109.8443484099015,422900000,2.1762622465414054,-7.1114183513903795,-1.0
1973-11-30,102.03285725911458,399900000,2.671533897912288,-7.104434236754901,0.0
1973-12-31,94.78400001525878,384380000,2.9702278755667577,1.3989705520854328,0.0
1974-01-31,96.1100002635609,363150000,2.5918227048739184,-2.7643757427118167,0.0
1974-02-28,93.45315872995477,256810000,2.1961504301658574,4.26511916567189,0.0
1974-03-31,97.43904731387184,309600000,2.0259181921034464,-5.113818868869838,0.0
1974-04-30,92.45619092668805,254270000,1.8687256217857995,-3.0164749497029066,0.0
1974-05-31,89.66727308793502,275150000,2.207337826419047,0.13296525350480295,0.0
1974-06-30,89.78649940490723,245340000,2.0912361452578923,-7.759973598016693,0.0
1974-07-31,82.81909075650302,274090000,2.5166400933545234,-8.203531587869573,1.0
1974-08-31,76.02500048550692,280100000,2.851489078410205,-10.393950492982126,1.0
1974-09-30,68.12299957275391,280050000,3.39259302868493,1.9268853863236197,1.0
1974-10-31,69.43565169624661,377100000,3.8043711431646003,3.3143616027096243,1.0
1974-11-30,71.7370002746582,286790000,2.9437513081355355,-6.501062045907459,1.0
1974-12-31,67.07333337692987,315150000,2.731415589673635,8.186200718196485,1.0
1975-01-31,72.56409107555042,432550000,2.9457968105555543,10.380824351713274,1.0
1975-02-28,80.09684191252056,423640000,2.65719297374986,4.663301579482802,1.0
1975-03-31,83.83199920654297,453610000,2.490223268952841,1.0630580047395537,1.0
1975-04-30,84.72318198464133,451350000,2.3236349514122874,6.341839630939715,1.0
1975-05-31,90.09619031633649,457490000,2.280478791719838,2.553885003295186,0.0
1975-06-30,92.3971434093657,447000000,2.001813174123917,0.09754600289413094,0.0
1975-07-31,92.48727312954989,441680000,2.003687570947449,-7.323671115243949,0.0
1975-08-31,85.71380942208427,281470000,1.9524886239868908,-1.2150069040682174,0.0
1975-09-30,84.67238071986607,275120000,2.025469454929803,4.608311509894586,0.0
1975-10-31,88.57434778628142,365540000,2.055617247253249,1.683236397432584,0.0
1975-11-30,90.06526344700863,318810000,1.7601584098885465,-1.5153552911079615,0.0
1975-12-31,88.70045471191406,348970000,1.6953255491028705,9.198452145624833,0.0
1976-01-31,96.8595235915411,635830000,2.1547656078154094,3.9025079149326123,0.0
1976-02-29,100.63947416606702,596130000,1.9351170827704212,0.44204698986596,0.0
1976-03-31,101.08434793223505,529600000,1.7516162721708288,0.8361093826329806,0.0
1976-04-30,101.92952364966983,392260000,1.6474634715891305,-0.752995297082691,0.0
1976-05-31,101.16199913024903,355910000,1.5247961401682197,0.5978715672121163,0.0
1976-06-30,101.76681795987216,417230000,1.5101597320727447,2.391874769508124,0.0
1976-07-31,104.2009528023856,393760000,1.3834570307983418,-0.8724818080413063,0.0
1976-08-31,103.29181844537908,346680000,1.3754888911500012,2.0926291749266523,0.0
1976-09-30,105.45333317347935,414750000,1.427147352424157,-3.383577842970705,0.0
1976-10-31,101.88523755754743,361390000,1.6288370401264625,-0.6789382036797408,0.0
1976-11-30,101.19349975585938,381020000,1.6030579075869245,3.4265132557415137,0.0
1976-12-31,104.66090843894266,534550000,1.4516540491477694,-0.8098299492739501,0.0
1977-01-31,103.81333305722191,501620000,1.5084142691084126,-2.752578795218054,0.0
1977-02-28,100.95578926487973,398440000,1.3536044938183063,-0.38256790259986384,0.0
1977-03-31,100.56956481933594,434690000,1.3129163516323352,-1.510958170224012,0.0
1977-04-30,99.05000076293945,403060000,1.4497986599535082,-0.2923017419575503,0.0
1977-05-31,98.76047588530041,425820000,1.3467401423372864,0.532028211998949,0.0
1977-06-30,99.28590947931463,485150000,1.2890515479977798,0.8989299113838171,0.0
1977-07-31,100.17842021741365,452480000,1.3500013011827345,-2.4240948104696804,0.0
1977-08-31,97.75000033171281,433650000,1.378371776219312,-1.552552294911479,0.0
1977-09-30,96.23238045828683,383670000,1.261874677368176,-2.5904559584092457,0.0
1977-10-31,93.73952302478608,413470000,1.4257874033082758,0.5801297812137037,0.0
1977-11-30,94.28333391462054,494680000,1.4940564165710786,-0.4909215465429043,0.0
1977-12-31,93.82047671363468,450970000,1.3387350217040728,-3.8061560306761653,0.0
1978-01-31,90.24952298118954,428140000,1.5207913711334566,-1.4119293309293715,1.0
1978-02-28,88.97526349519428,368600000,1.307314913795875,-0.1750127957123068,1.0
1978-03-31,88.81954539905895,497580000,1.333483439044854,4.380740923873469,1.0
1978-04-30,92.7104995727539,695600000,1.659907856496285,5.071457395985854,0.0
1978-05-31,97.41227306019177,775750000,1.6836753519745629,0.25617409676829,0.0
1978-06-30,97.66181807084517,666290000,1.5686891987075853,-0.4805543828793667,1.0
1978-07-31,97.19249992370605,541490000,1.475970129114781,6.923620726356797,1.0
1978-08-31,103.92173999288808,864950000,1.7250911143594436,-0.06229690092765227,1.0
1978-09-30,103.85699996948242,672290000,1.6455380742820516,-3.1517998918122125,1.0
1978-10-31,100.58363515680486,682340000,1.955127138060165,-5.840027547296042,1.0
1978-11-30,94.70952315557571,514610000,1.8308320990913964,1.4760675512557495,1.0
1978-12-31,96.10749969482421,492440000,1.6368158908574084,3.743205737400832,1.0
1979-01-31,99.70500113747336,615730000,1.595840366953445,-1.479893088917981,1.0
1979-02-28,98.2294737163343,475710000,1.394477692024001,1.9167353699380065,1.0
1979-03-31,100.11227278275923,649800000,1.4621364062326219,1.9515365390727286,1.0
1979-04-30,102.06600036621094,620650000,1.4015846499950417,-2.290942463487607,1.0
1979-05-31,99.727727023038,623740000,1.41778316215101,2.0053516337395694,1.0
1979-06-30,101.72761862618583,735710000,1.433712980716066,0.9671018662206663,1.0
1979-07-31,102.71142832438152,680740000,1.4290192130976878,4.522046037753484,1.0
1979-08-31,107.35608639924422,825050000,1.4316112682108644,1.1557387721914563,1.0
1979-09-30,108.59684231406764,713940000,1.7266003373757346,-3.797347630719098,0.0
1979-10-31,104.47304269541864,857930000,2.012911146606266,-0.7745851668228108,0.0
1979-11-30,103.66381000337147,653650000,1.7887560860471274,3.9668515436374485,1.0
1979-12-31,107.7759994506836,710210000,1.5941022883512095,2.8690821399103417,0.0
1980-01-31,110.86818140203303,1158240000,2.264763192805481,4.032554358521312,0.0
1980-02-29,115.33900108337403,956530000,2.401369577257276,-9.236086954747334,0.0
1980-03-31,104.68619065057663,876450000,2.897089356673784,-1.6425500835335685,0.0
1980-04-30,102.96666753859748,674140000,2.3062239137102165,4.591406143939393,0.0
1980-05-31,107.69428543817429,764920000,2.0033533043542904,6.362808385943285,0.0
1980-06-30,114.54666646321614,829660000,1.9516299460194633,4.614766457763012,0.0
1980-07-31,119.83272760564631,1021770000,1.960212808541374,3.057544283149073,0.0
1980-08-31,123.49666631789435,965660000,1.8466548684035362,2.4415530535264405,0.0
1980-09-30,126.51190294538226,1057710000,2.1804994289251938,2.9324003266996734,0.0
1980-10-31,130.22173840066662,1031790000,2.23390546958418,4.171887387822008,0.0
1980-11-30,135.6544426812066,988110000,2.4038016544924568,-1.6005820363593322,0.0
1980-12-31,133.48318204012784,1025650000,2.36769053084875,-0.3876662646570228,0.0
1981-01-31,132.96571277436755,955520000,2.2678911835247932,-3.437312521697115,0.0
1981-02-28,128.3952656796104,816310000,2.094852526670643,3.730459946770417,0.0
1981-03-31,133.18499963933772,1174530000,2.219377963031268,0.9330018257212043,0.0
1981-04-30,134.42761811755952,1123470000,2.0273304217848445,-2.008975334184449,1.0
1981-05-31,131.72700042724608,905430000,1.8822005667760815,0.4180835760187136,1.0
1981-06-30,132.2777293812145,1100970000,2.0152918427768736,-2.3813551842675036,1.0
1981-07-31,129.1277268149636,953970000,1.8768949115036664,0.3886046308233911,1.0
1981-08-31,129.62952314104353,920550000,1.9016010803699472,-8.763435120233606,1.0
1981-09-30,118.26952398390998,959140000,2.4830507844414167,1.2921359867405935,1.0
1981-10-31,119.79772706465288,997560000,2.2129253420773733,2.60586957687023,1.0
1981-11-30,122.9194995880127,987920000,2.0107111184192785,0.7115155687226817,1.0
1981-12-31,123.79409096457742,959470000,1.6536238051654089,-5.264864092752059,1.0
1982-01-31,117.27650032043456,968340000,2.16849082945246,-2.371521116505064,1.0
1982-02-28,114.49526335063733,972190000,2.161444890868433,-3.19060329919728,1.0
1982-03-31,110.84217370074728,1268690000,2.3665045117161587,4.930406500721606,1.0
1982-04-30,116.30714343843006,1136490000,1.496646544609249,0.0394266909789362,1.0
1982-05-31,116.35299949645996,1026460000,0.8375101821259102,-5.719897486006198,1.0
1982-06-30,109.69772720336914,1110530000,1.023062371820655,-0.2926773147460943,1.0
1982-07-31,109.37666684105282,1145190000,1.003997690441516,0.25114792145790144,1.0
1982-08-31,109.65136406638406,1672770000,1.8762286135026265,11.656917303140466,1.0
1982-09-30,122.43333289736793,1548040000,1.392295032816972,8.353235407210954,1.0
1982-10-31,132.66047741117933,2068560000,1.9431239204963062,4.101052227487851,1.0
1982-11-30,138.10095287504652,1857040000,1.7600584372686765,0.9159664788608145,1.0
1982-12-31,139.3659113103693,1682080000,1.3357675379303287,3.5168075199636286,1.0
1983-01-31,144.26714215959822,1857600000,1.4626524352725558,1.7534819567953452,1.0
1983-02-28,146.79684046695107,1615450000,1.2790517814505664,3.4603474787453,1.0
1983-03-31,151.87652123492697,1901920000,1.024415578207926,3.84225224036094,1.0
1983-04-30,157.7120002746582,1786870000,1.0080172649030181,4.048609476936344,0.0
1983-05-31,164.0971432640439,1953130000,1.0214176621817221,1.384514118583161,0.0
1983-06-30,166.36909138072622,1973860000,0.8829472396510869,0.3497688796570192,0.0
1983-07-31,166.95099868774415,1590170000,1.1744007343392113,-2.7152721078239423,1.0
1983-08-31,162.4178247866423,1706430000,1.0560238269699906,2.9200316554898524,1.0
1983-09-30,167.1604766845703,1739810000,0.8960506784178902,0.2954094459831215,0.0
1983-10-31,167.65428452264695,1794620000,0.9771994519334313,-1.4454343260953944,0.0
1983-11-30,165.23095194498697,1814610000,0.7601184554416435,-0.5201954868188222,1.0
1983-12-31,164.37142799014137,1848860000,0.6142969227866787,1.2297930673377255,1.0
1984-01-31,166.39285641624815,2215660000,0.8576113765351526,-5.4944397024815474,1.0
1984-02-29,157.2505012512207,1932810000,1.2674341603086878,0.11964153642127313,1.0
1984-03-31,157.4386381669478,1854920000,0.9823937779231875,0.10344411700568448,1.0
1984-04-30,157.60149917602538,1717530000,0.9862885135227989,-0.6666118739701301,1.0
1984-05-31,156.55090886896306,1939550000,0.9504374957293236,-2.188519982463214,1.0
1984-06-30,153.12476094563803,1812870000,1.0868439863126242,-1.336599644210875,1.0
1984-07-31,151.07809593563988,1662200000,0.9105818984654748,8.831706031572779,1.0
1984-08-31,164.4208692467731,2526920000,1.2997159047009847,1.0289209037832618,1.0
1984-09-30,166.1126299406353,1768660000,0.9802106922654173,-0.7789507252783595,1.0
1984-10-31,164.81869440493375,2110230000,0.9111325419204409,0.8817025774446754,1.0
1984-11-30,166.27190508161272,1757280000,0.8950088581293034,-1.0776950036255073,1.0
1984-12-31,164.48000106811523,1781000000,0.8613803809392383,4.336530863381642,1.0
1985-01-31,171.6127270785245,2673710000,1.0075172860650576,5.402868770879255,1.0
1985-02-28,180.88473751670435,2194620000,0.8406115097113521,-0.8097639236277576,1.0
1985-03-31,179.4199981689453,2153090000,0.8058255973010804,0.6680259058183459,1.0
1985-04-30,180.61857023693267,1981880000,0.6946820939066989,2.3699219985486337,1.0
1985-05-31,184.89908946644175,2350340000,0.7600104608386843,2.156262555515478,1.0
1985-06-30,188.8859992980957,2117000000,0.7731727578369846,1.9369065374145817,1.0
1985-07-31,192.54454456676137,2463070000,0.694949998627944,-2.2011429564232365,1.0
1985-08-31,188.3063638860529,1923200000,0.6172609068367001,-2.177607454102435,1.0
1985-09-30,184.20579046952096,1860160000,0.8322842594001687,1.0719771852363154,1.0
1985-10-31,186.18043451723844,2543240000,0.7718759804699377,6.05061734605846,1.0
1985-11-30,197.44550018310548,2445370000,0.80295163040509,4.969532873527252,1.0
1985-12-31,207.25761922200522,2804380000,0.9292666082571579,0.45183887455674576,1.0
1986-01-31,208.19408971613103,2879010000,1.1181701239510706,5.3657488448889925,1.0
1986-02-28,219.36526168020148,2899100000,1.1080322000038885,5.908747195324256,1.0
1986-03-31,232.3270004272461,3214600000,1.1219809821143232,2.427926120121553,0.0
1986-04-30,237.96772835471413,3240400000,1.3030678346053146,0.20646464907913314,0.0
1986-05-31,238.45904758998327,2680240000,1.0453876267359579,2.867019341280865,0.0
1986-06-30,245.29571460542223,2649600000,1.077770875169692,-2.085529988013914,0.0
1986-07-31,240.17999891801313,3029900000,1.193696231453141,2.007224679361182,0.0
1986-08-31,245.0009511311849,2701900000,1.008373712198057,-2.7477051708163844,0.0
1986-09-30,238.269047328404,3166300000,1.5647178322890813,-0.383163602646149,0.0
1986-10-31,237.35608706266984,3016740000,0.9298401256704842,3.2594680545560437,1.0
1986-11-30,245.0926328960218,2940830000,1.0286259111695808,1.4332627004177372,0.0
1986-12-31,248.60545418479225,3260870000,1.0300930241317159,6.397887495371594,0.0
1987-01-31,264.51095145089283,4040880000,1.5318669939089713,6.208916418735492,0.0
1987-02-28,280.9342153448808,3485300000,1.2773622335978123,4.106708555430394,0.0
1987-03-31,292.47136480158025,3965100000,1.1316422732704179,-1.076843737089408,0.0
1987-04-30,289.3219052269345,3931700000,1.9734666416000504,-0.07134159949687427,0.0
1987-05-31,289.1154983520508,3417700000,1.5407798507548944,4.243491543923832,0.0
1987-06-30,301.3840900767933,3595000000,0.9774638799361026,2.8877376610858008,0.0
1987-07-31,310.0872719504616,3966400000,0.8628508962812049,6.214644409634381,0.0
1987-08-31,329.35809326171875,4062400000,1.1918331216091613,-3.2478758895926587,0.0
1987-09-30,318.6609511602493,3723200000,1.5741780786597461,-12.080821132826644,0.0
1987-10-31,280.1640916304155,6094500000,4.561387605234603,-12.548214424782545,1.0
1987-11-30,245.0085006713867,3589530000,2.5896135275869687,-1.6540613616579256,1.0
1987-12-31,240.9559097290039,3926750000,1.9337519566975425,3.9511764921749704,1.0
1988-01-31,250.47650299072265,3494700000,2.4053480022381954,3.0547760100878594,1.0
1988-02-29,258.12799911499025,3693240000,1.4372013659861183,2.9479146666691625,1.0
1988-03-31,265.7373922596807,4052970000,1.1338472826621844,-1.1748041482168068,1.0
1988-04-30,262.6154983520508,3260760000,1.412588043783173,-2.471936014864273,1.0
1988-05-31,256.12381126767116,3231370000,1.2112912692488127,5.684327755698165,1.0
1988-06-30,270.6827281605114,4306710000,1.236301143058354,-0.603374358523189,1.0
1988-07-31,269.0494979858398,3338470000,1.247558900122735,-1.9784386560016343,1.0
1988-08-31,263.7265187139096,3327470000,1.0804530122910752,1.6090465712311721,1.0
1988-09-30,267.9700012207031,3059450000,0.9505808798080846,3.5174513412076327,1.0
1988-10-31,277.39571562267486,3415160000,1.05549687361905,-2.296873250489593,0.0
1988-11-30,271.02428763253346,2822820000,0.9733511463870417,2.025822592320296,1.0
1988-12-31,276.51475888206846,2844900000,0.7319979081161215,3.2182924703234015,1.0
1989-01-31,285.413812546503,3532220000,0.9176989777575859,3.012201672595103,0.0
1989-02-28,294.0110521818462,3216280000,0.9263271424411768,-0.4414358722435535,1.0
1989-03-31,292.7131819291548,3504530000,0.921495070531013,3.2584164494783194,1.0
1989-04-30,302.2509963989258,3237250000,0.7937578948616331,3.8640081759247944,1.0
1989-05-31,313.92999961159444,3747320000,0.8295888563145379,3.1209913411101127,1.0
1989-06-30,323.7277277166193,3966590000,0.9861207090330221,2.532613998205728,1.0
1989-07-31,331.92650146484374,3249030000,0.9445399196958538,4.423065056567707,0.0
1989-08-31,346.60782656462294,3949100000,0.994186580488898,0.2082107566073481,0.0
1989-09-30,347.3295013427734,3035020000,0.8196107079922226,0.019512002391175776,0.0
1989-10-31,347.3972722833807,4012670000,1.5405485685015967,-2.0662877497408894,0.0
1989-11-30,340.2190450032552,3032160000,0.8719582214855017,2.45516976239094,0.0
1989-12-31,348.57200012207034,3213420000,0.9035209689044843,-2.4672612015005084,0.0
1990-01-31,339.9718184037642,3793250000,1.6471553907542795,-2.7999918745903694,1.0
1990-02-28,330.45263511256167,2961970000,1.164578909951029,2.424663790042907,1.0
1990-03-31,338.46500049937856,3283280000,0.9646086992244708,-0.08479522163423683,1.0
1990-04-30,338.1779983520508,2801220000,1.0057565350250561,3.5697186375042094,1.0
1990-05-31,350.2500013871626,3596680000,0.9422050378869035,2.894122771404129,1.0
1990-06-30,360.3866664341518,3226280000,1.0911161282938853,-0.09870352512277827,0.0
1990-07-31,360.0309520903088,3373540000,1.1572570032057166,-8.13386522770984,1.0
1990-08-31,330.7465196692425,4020730000,1.9763495324668128,-4.637895207814054,1.0
1990-09-30,315.40684268349094,2687280000,1.5706023402838363,-2.6258332136757283,1.0
1990-10-31,307.1247850501019,3671900000,1.9026744538206286,2.658908848789809,1.0
1990-11-30,315.2909531366257,3149770000,1.3378234092290666,4.268612623660914,1.0
1990-12-31,328.74950256347654,3116830000,0.9532590153859263,-0.9928674989091958,1.0
1991-01-31,325.4854555996981,3660240000,1.3336702351477638,11.299338161601344,1.0
1991-02-28,362.2631578947368,4303170000,1.5126601688218035,2.764797141415847,1.0
1991-03-31,372.2789993286133,3927920000,1.203068612633802,1.9876589105076867,1.0
1991-04-30,379.6786360307173,4017200000,1.2765446306957655,-0.4441555973298682,1.0
1991-05-31,377.9922721169212,3739700000,1.0670437631562375,0.07955907378019574,1.0
1991-06-30,378.2929992675781,3258730000,0.9800844264752352,0.5111959444378067,1.0
1991-07-31,380.2268177379261,3481570000,0.9174051808844788,2.4133913379853293,1.0
1991-08-31,389.4031788219105,3713820000,1.010545488155828,-0.5661686603446179,1.0
1991-09-30,387.19850006103513,3260990000,0.8331512897726197,-0.08135882624039396,1.0
1991-10-31,386.88347990616506,4082380000,0.8617407158462024,-0.24916564022219004,1.0
1991-11-30,385.919499206543,3737620000,1.1864009816498848,0.6713775923188683,1.0
1991-12-31,388.5104762486049,4155310000,1.1946705487235298,7.094923402271129,1.0
1992-01-31,416.0749969482422,5286280000,0.9941928268786643,-0.8458104963472521,0.0
1992-02-29,412.55579095137745,4267610000,0.9700067002276738,-1.258313689947063,0.0
1992-03-31,407.3645449551669,4066240000,0.7198836273138564,0.010457162861697572,0.0
1992-04-30,407.40714372907365,4315840000,1.0723712238759129,1.818170922642741,0.0
1992-05-31,414.814501953125,3643980000,0.7696937066354529,-1.5765974169703434,0.0
1992-06-30,408.2745472301136,4259830000,0.7850912968577475,1.6598675264408482,0.0
1992-07-31,415.0513638583097,4265220000,0.8543455565832078,0.6928730531635205,0.0
1992-08-31,417.9271429152716,3653820000,0.7035702971631096,0.1316017463896311,0.0
1992-09-30,418.4771423339844,4023850000,0.746248783757487,-1.427655941193402,0.0
1992-10-31,412.5027285489169,4507010000,0.9839386387934185,2.5069576339152864,0.0
1992-11-30,422.8439971923828,4148770000,0.6668471981670635,3.0260684034873653,0.0
1992-12-31,435.6395457874645,4876150000,0.6452861947750733,-0.0942399428199575,0.0
1993-01-31,435.22899932861327,5280850000,0.6860153148669443,1.4876493575874175,0.0
1993-02-28,441.70368074115953,5442450000,0.9035708222523795,1.913394886716044,0.0
1993-03-31,450.15521638289744,5766950000,0.8371763924458129,-1.5722567221181292,0.0
1993-04-30,443.0776207333519,5853170000,0.8683316806672713,0.48950280336173535,0.0
1993-05-31,445.24649810791016,5108640000,0.8176511551486949,0.6317951652520092,1.0
1993-06-30,448.0595439564098,5544400000,0.6461286831981965,-0.17260114912334443,1.0
1993-07-31,447.28618803478423,5308530000,0.6716668451748388,1.5295666839595319,1.0
1993-08-31,454.1277285489169,5506200000,0.5474464743865398,1.1246847487698615,1.0
1993-09-30,459.23523385184154,5552720000,0.7136042623552669,1.0157676517877519,1.0
1993-10-31,463.8999968029204,5940460000,0.5880305177292456,-0.21761618696537244,1.0
1993-11-30,462.8904753185454,5876610000,0.780355453811384,0.6599793275649135,1.0
1993-12-31,465.94545676491475,5791210000,0.49663157716943124,1.5124947708507472,1.0
1994-01-31,472.9928574335007,6627390000,0.5836325608502585,-0.2987059930238309,1.0
1994-02-28,471.5799994217722,5853100000,0.861997417171252,-1.6481132790425477,1.0
1994-03-31,463.8078268299932,7225010000,0.9649990262026718,-3.573833559729933,1.0
1994-04-30,447.2321070620888,5735010000,1.1290988727232334,0.8198126944130057,1.0
1994-05-31,450.89857264927457,5675970000,0.8395149302552452,0.871002017537602,1.0
1994-06-30,454.825908314098,5852670000,0.8485004350324195,-0.7530153407728092,1.0
1994-07-31,451.40099945068357,4980100000,0.6218306376193985,2.8449309012796355,1.0
1994-08-31,464.2430459727412,6398750000,0.6585840437463708,0.5848329124056618,1.0
1994-09-30,466.9580920991443,6152870000,0.76389620291336,-0.6733543765322232,1.0
1994-10-31,463.81380934942337,6344700000,0.9110971526739947,-0.6033820890586282,1.0
1994-11-30,461.0152398972284,6251240000,0.9445178297081731,-1.2642912843577916,1.0
1994-12-31,455.1866643996466,6351530000,0.774939796528384,2.21081511990825,1.0
1995-01-31,465.25,6852060000,0.6569351547804979,3.584038092980219,1.0
1995-02-28,481.92473722759047,6330100000,0.6454501704209359,2.3298886498650617,1.0
1995-03-31,493.1530469811481,7792400000,0.7112613833968137,2.991514244776759,1.0
1995-04-30,507.9057906301398,6307030000,0.6394987635078228,3.1320473030669103,1.0
1995-05-31,523.8136402476918,7555690000,0.8671642230699664,2.9667887431573963,1.0
1995-06-30,539.3540843616832,7555650000,0.797460583979197,3.3396267801269133,1.0
1995-07-31,557.3664978027343,7307960000,0.8579793883938107,0.3128109561511299,1.0
1995-08-31,559.1100012737771,7146620000,0.6784795313441455,3.5154964954762606,1.0
1995-09-30,578.765493774414,7052830000,0.6713472931268819,0.7175079791905203,1.0
1995-10-31,582.9181823730469,8043320000,0.7551162884896575,2.1639740553656543,1.0
1995-11-30,595.5323806036087,7602150000,0.6208330649681236,3.1969073659105396,1.0
1995-12-31,614.5709991455078,7697540000,0.7485760685362357,-0.02456901496478857,1.0
1996-01-31,614.4200051047585,9188050000,0.9895626723389537,5.71628511408648,1.0
1996-02-29,649.5420043945312,8749960000,1.140405230452593,-0.3798438023623853,1.0
1996-03-31,647.0747593470982,8984200000,1.1717567665387185,0.015159781836781731,1.0
1996-04-30,647.1728544689361,8875580000,0.9196779047533767,2.1721554469359026,1.0
1996-05-31,661.2304548783736,8921140000,1.0674238190566099,1.099244293411323,1.0
1996-06-30,668.4989929199219,7930840000,0.7962708345565286,-3.654237207244173,1.0
1996-07-31,644.0704539905895,8849860000,1.4391023323344887,2.8897187588576774,1.0
1996-08-31,662.6822787198154,7380320000,0.8138074086365044,1.8414887071726262,1.0
1996-09-30,674.885498046875,8064070000,0.8872427031482052,3.9369872383463607,1.0
1996-10-31,701.4556539784307,9703670000,0.8031757029641466,4.877479021685602,1.0
1996-11-30,735.6690063476562,8763850000,0.8318638520122366,1.03035936855517,1.0
1996-12-31,743.249040876116,9089170000,1.3192446936356765,3.0901856788254083,1.0
1997-01-31,766.216816295277,11635830000,1.2891040613869493,4.198211175897815,1.0
1997-02-28,798.3842163085938,9715930000,1.1581403666942793,-0.780164970953067,1.0
1997-03-31,792.1555023193359,10120760000,1.3470333401768027,-3.563355382455654,1.0
1997-04-30,763.9281865900213,10454880000,1.4133065696928004,9.053631648645949,1.0
1997-05-31,833.0914306640625,10106650000,1.4155569383209168,5.184876315763669,1.0
1997-06-30,876.2861909412202,10857950000,1.2475151922596988,5.592733758921986,1.0
1997-07-31,925.2945445667614,11958120000,1.281606136516501,0.2638259793206825,1.0
1997-08-31,927.7357119605655,10606100000,1.6527989347631662,1.001209083470619,1.0
1997-09-30,937.0242861793155,11383000000,1.3864974721703323,1.508528204639471,1.0
1997-10-31,951.1595618206521,14017260000,2.017053551708854,-1.2864163195107552,1.0
1997-11-30,938.9236899928043,10173620000,1.4867972581252507,2.496663634975291,1.0
1997-12-31,962.3654563210227,11958880000,1.3956918061471326,0.10324002778760648,1.0
1998-01-31,963.3590026855469,12733830000,1.4975367871148926,6.267975984182517,1.0
1998-02-28,1023.7421136153372,11656550000,1.0239596914170983,5.185448241745289,1.0
1998-03-31,1076.8277310458097,13719590000,1.019066101455589,3.284505403328375,1.0
1998-04-30,1112.1961960565477,13656060000,1.2069469006583597,-0.3397959621631221,1.0
1998-05-31,1108.4169982910157,11477140000,1.1438383780271224,-0.002477982133083316,1.0
1998-06-30,1108.389531915838,13551970000,1.2896318268847722,4.347545443584492,1.0
1998-07-31,1156.5772705078125,14194800000,1.303799551902746,-7.086149868666768,1.0
1998-08-31,1074.6204717726935,15071550000,2.3596003647729646,-5.023212666644057,1.0
1998-09-30,1020.6400001162574,16714080000,2.8454917019241863,1.1590775813287828,1.0
1998-10-31,1032.470009543679,18001650000,2.5072448862302243,10.844235019719772,1.0
1998-11-30,1144.4334838867187,13451280000,1.279234349717483,3.9860262807645377,1.0
1998-12-31,1190.0509033203125,15181450000,1.5177558161288927,4.934564716182215,0.0
1999-01-31,1248.7747353001644,16213500000,1.8850868207353983,-0.17558174956547537,0.0
1999-02-28,1246.5821147717927,14555860000,1.8561689490087048,2.8142389261932093,0.0
1999-03-31,1281.663913892663,18002500000,1.5008004867021196,4.142485957759644,0.0
1999-04-30,1334.7566615513392,18523200000,1.7114472105741594,-0.20098422417704456,0.0
1999-05-31,1332.0740112304688,15880260000,1.7481941820398057,-0.7147708592162839,0.0
1999-06-30,1322.552734375,16079170000,1.4504939955668992,4.418520786827815,0.0
1999-07-31,1380.990001860119,15332930000,1.241528956579202,-3.8741300645527916,0.0
1999-08-31,1327.488653009588,15818550000,1.559180917425366,-0.7018326615527394,0.0
1999-09-30,1318.1719040643602,16438700000,1.5671576594223704,-1.3778092404136422,-1.0
1999-10-31,1300.010009765625,18832000000,1.8794413581236051,6.999395224508431,-1.0
1999-11-30,1391.0028483072917,18384820000,1.2022204991669565,2.7089265034297894,-1.0
1999-12-31,1428.6840931285512,19640690000,1.1543740938988587,-0.21688412386361597,-1.0
2000-01-31,1425.5855041503905,21494400000,2.1266540364807467,-2.5751527727935533,-1.0
2000-02-29,1388.8744995117188,20912000000,1.8619586831665882,3.8403829305501738,-1.0
2000-03-31,1442.212598717731,26156200000,2.2356139391763263,1.327311800800393,-1.0
2000-04-30,1461.3552567331415,20106460000,2.6643297981440774,-2.9339689210811293,-1.0
2000-05-31,1418.4795476740057,19898300000,2.1049802277964167,3.0652216450108067,-1.0
2000-06-30,1461.9590897993608,21738300000,1.394791565553607,0.7553841017565941,-1.0
2000-07-31,1473.0024963378905,19089100000,1.3358724996018934,0.8456035175504714,-1.0
2000-08-31,1485.45825726053,20363700000,1.0735302677945457,-1.1716420349890362,-1.0
2000-09-30,1468.05400390625,20838300000,1.3911026941258988,-5.307019414295358,-1.0
2000-10-31,1390.144092906605,25951400000,2.2496158786785814,-1.0866851511699935,-1.0
2000-11-30,1375.0376034691221,20532300000,1.85185952934101,-3.2077744686272567,-1.0
2000-12-31,1330.9294982910155,23610800000,2.032741107689149,0.3538547488492409,-1.0
2001-01-31,1335.6390555245537,27829800000,1.8120464387730355,-2.2376910072838965,-1.0
2001-02-28,1305.7515804893092,21644400000,1.758178964283615,-9.182571432656204,-1.0
2001-03-31,1185.850008877841,27806610000,2.354999454769441,0.3362137373216803,-1.0
2001-04-30,1189.8369995117187,25409990000,2.3977588817954447,6.768291473464676,-1.0
2001-05-31,1270.3686356977983,24525900000,1.4267620352725487,-2.4920458637616343,-1.0
2001-06-30,1238.7104666573662,24748030000,1.4022129008435933,-2.765855828317445,-1.0
2001-07-31,1204.4495210193452,23793710000,1.5127353614680707,-2.1541453657408156,-1.0
2001-08-31,1178.5039274796195,23359200000,1.3904002289870265,-11.358463066412604,-1.0
2001-09-30,1044.643994140625,25025290000,2.8511515502668248,3.0581178102692776,0.0
2001-10-31,1076.5904381793478,29951280000,1.8509797715528638,4.931577702027333,0.0
2001-11-30,1129.6833321707588,26330000000,1.4835884830531878,1.3496418315982295,0.0
2001-12-31,1144.9300109863282,25128570000,1.2072043958570304,-0.4124607424093655,0.0
2002-01-31,1140.2076241629463,29746200000,1.38475201917271,-3.46767417067799,0.0
2002-02-28,1100.6689388877467,26047600000,1.6024999780693632,4.826343567385784,0.0
2002-03-31,1153.7910034179688,26563200000,1.3092460192175326,-3.6190664465646933,0.0
2002-04-30,1112.034540349787,28568900000,1.3896593152126941,-2.946604683844703,0.0
2002-05-31,1079.2672784978693,26905500000,1.5797217083741957,-6.042921210999128,0.0
2002-06-30,1014.0480072021485,29981510000,2.1335222064748955,-10.893226836981706,0.0
2002-07-31,903.5854575417259,42228720000,3.5426706408380215,0.9923595184535082,1.0
2002-08-31,912.5522738370029,29298400000,2.7588661604027336,-4.902762231214366,1.0
2002-09-30,867.8120056152344,27723710000,2.4816270848672795,-1.5188425234076575,1.0
2002-10-31,854.6313078507134,37856310000,3.039744484971377,6.470123039750436,1.0
2002-11-30,909.9270050048829,29200960000,2.036402453873793,-1.181240979853959,1.0
2002-12-31,899.1785743350074,25993640000,1.6808793032819704,-0.37171525995781113,1.0
2003-01-31,895.8361903599331,30749580000,1.9051815643427024,-6.498647843392483,1.0
2003-02-28,837.6189510947779,25235300000,1.885694979323127,1.074769616561461,1.0
2003-03-31,846.6214250837054,30080030000,2.104595124753994,5.126764675415642,1.0
2003-04-30,890.0257132393973,29669610000,1.6949160138077433,5.161327242416247,1.0
2003-05-31,935.9628528413318,30952100000,1.450640902166088,5.559236272948689,1.0
2003-06-30,987.9952392578125,31219400000,1.4170980500050125,0.4600903690833044,1.0
2003-07-31,992.5409102006392,31553200000,1.4583472781897902,-0.3031613517125729,1.0
2003-08-31,989.5319097609747,24881470000,1.1206376565928922,3.0226403300498093,1.0
2003-09-30,1019.441900344122,29940110000,1.151557849064695,1.892451429055092,1.0
2003-10-31,1038.7343431555707,32298500000,1.0806191067801931,1.0748274545368455,0.0
2003-11-30,1049.8989450555098,24463220000,0.9886202956786584,2.927612684398244,1.0
2003-12-31,1080.6359197443182,27839130000,0.798731460657296,4.801022998315096,1.0
2004-01-31,1132.5174987792968,32820000000,0.9858924408968313,0.9570558048395261,0.0
2004-02-29,1143.3563232421875,27985600000,0.8849105305465734,-1.6948415730878241,0.0
2004-03-31,1123.9782449473505,33597900000,1.1599042452421684,0.8096533615934471,1.0
2004-04-30,1133.0785725911458,31611900000,1.1051483806893925,-2.673872146193809,0.0
2004-05-31,1102.7815002441407,29326400000,1.165933652060403,2.718186276672617,1.0
2004-06-30,1132.7571556454614,27529500000,0.872098067911546,-2.3756635811420175,0.0
2004-07-31,1105.846656436012,29285600000,0.9893517354347203,-1.529295615051421,0.0
2004-08-31,1088.9349920099432,26586800000,0.9764387511505176,2.6375506065855534,1.0
2004-09-30,1117.6562034970239,26829870000,0.749062735741365,0.03685339887580869,1.0
2004-10-31,1118.0680977957588,31511000000,1.0120841394852835,4.5497697657988425,1.0
2004-11-30,1168.9376220703125,30460280000,0.8251912866705692,2.5896953051079157,1.0
2004-12-31,1199.2095447887075,31102500000,0.7447242782061692,-1.4844402515471273,1.0
2005-01-31,1181.4079956054688,31498800000,0.9438176431374676,1.5421300995502587,1.0
2005-02-28,1199.6268439041942,29297410000,0.7997039848407914,-0.3942156392629544,1.0
2005-03-31,1194.8977272727273,39014150000,0.9018356591067715,-2.550018656206311,1.0
2005-04-30,1164.4276123046875,43424270000,1.1798776573131926,1.189262749767413,1.0
2005-05-31,1178.2757161458333,39321990000,0.8979263761242435,2.0349610710871673,1.0
2005-06-30,1202.2531682794745,40334040000,0.777563646475068,1.6621982590274893,1.0
2005-07-31,1222.2369995117188,37464670000,0.7897204385553086,0.16633425356325518,1.0
2005-08-31,1224.2699983016305,42030090000,0.8250882900483638,0.1343472739704596,1.0
2005-09-30,1225.914771670387,44777510000,0.7955828871992221,-2.7694001851239176,1.0
2005-10-31,1191.9642857142858,49793790000,1.2078792938457084,3.809197975187258,1.0
2005-11-30,1237.3685651506696,45102870000,0.7414495633142011,1.9964420129041256,1.0
2005-12-31,1262.0719110398065,41756130000,0.7199541371118412,1.319305688775602,1.0
2006-01-31,1278.7224975585937,49211650000,0.7994520414064064,-0.16244502158818097,0.0
2006-02-28,1276.6452765213817,42859940000,0.8182067700830624,1.33862570564282,0.0
2006-03-31,1293.7347783627717,50905040000,0.7741013531905049,0.6516398980566487,0.0
2006-04-30,1302.1652703536183,43308430000,0.9129821727699041,-0.9331874489728103,0.0
2006-05-31,1290.0136274857955,54312830000,1.0031412659472463,-2.8562060975188963,0.0
2006-06-30,1253.1681795987215,54873260000,1.2527226267665168,0.5638767158426751,0.0
2006-07-31,1260.2345031738282,46348220000,1.097551142017548,2.1357187678665754,0.0
2006-08-31,1287.1495679772418,50485620000,0.8272843689493513,2.3768367141236957,0.0
2006-09-30,1317.7430114746094,49001440000,0.7019516071502362,3.463061611972106,0.0
2006-10-31,1363.3772638494318,56793620000,0.6834231771632114,1.8525679442908463,-1.0
2006-11-30,1388.634753999256,55343930000,0.7292191556348258,2.0009043591154123,-1.0
2006-12-31,1416.4200073242187,47578780000,0.670666686992193,0.546517202798486,-1.0
2007-01-31,1424.160986328125,56686200000,0.7847942841917677,1.4488363518323601,-1.0
2007-02-28,1444.7947484066613,51844990000,0.8415239559188931,-2.619259751689881,-1.0
2007-03-31,1406.9518210671165,67622250000,1.1601292942501735,4.029184298547971,-1.0
2007-04-30,1463.6405029296875,57032470000,0.7017066064658446,3.245080335799776,-1.0
2007-05-31,1511.1368130770597,64958050000,0.7676341184297347,0.22186649717403564,-1.0
2007-06-30,1514.4895193917412,65322800000,1.1112877143506525,0.41038507997029133,-1.0
2007-07-31,1520.7047584170386,70337430000,1.2466701662039255,-4.345866531268192,-1.0
2007-08-31,1454.6169592815897,91381760000,1.9347458283437817,2.9216878732432163,-1.0
2007-09-30,1497.1163265830592,57809700000,1.1770861809339026,2.841620525259205,-1.0
2007-10-31,1539.65869140625,76022580000,1.0938614910512323,-4.953919681312724,-1.0
2007-11-30,1463.3852364676338,86246950000,1.8974475164944615,1.0823029830308641,-1.0
2007-12-31,1479.2234985351563,64821670000,1.3264057858893297,-6.79138027915206,-1.0
2008-01-31,1378.7638055710565,98475340000,2.43159299489332,-1.7328055544318761,-1.0
2008-02-29,1354.872509765625,78536130000,1.787316521857605,-2.7994897179014844,-1.0
2008-03-31,1316.9429931640625,93189170000,2.244846883807668,4.064420489733724,0.0
2008-04-30,1370.4690940163352,85978630000,1.3450338394858528,2.3895848959020594,0.0
2008-05-31,1403.2176164899554,80990480000,1.1802500048548976,-4.416040022944153,-1.0
2008-06-30,1341.250964936756,96614040000,1.5377185002161702,-6.257188330369125,-1.0
2008-07-31,1257.32636607777,124980570000,1.9832288366320154,1.9204241778490907,0.0
2008-08-31,1281.4723656063989,86266010000,1.4917874524664057,-5.029332752181771,-1.0
2008-09-30,1217.0228562127977,140007320000,3.468544305256438,-20.395835691668406,0.0
2008-10-31,968.8008741295856,159823030000,6.790534333178468,-8.852216082369516,1.0
2008-11-30,883.04052734375,115660210000,5.300469729896898,-0.6204369627575569,1.0
2008-12-31,877.5618175159801,112884470000,3.614420999040225,-1.3658658328626072,1.0
2009-01-31,865.5755004882812,112090640000,3.1370364317191166,-6.972024005728021,1.0
2009-02-28,805.2273688065378,124492210000,3.055308743264809,-5.973536948836446,1.0
2009-03-31,757.1268144087358,161843640000,3.612772518610912,12.022435729956124,1.0
2009-04-30,848.1518990652902,138855320000,2.498607889806677,6.397038454051591,1.0
2009-05-31,902.4085021972656,131614940000,2.1965682006045455,2.6270252415272854,1.0
2009-06-30,926.1150013316761,112653150000,1.76709801067219,1.0480731468175728,1.0
2009-07-31,935.8213639692826,106635790000,1.603160549473826,7.8971688913462135,1.0
2009-08-31,1009.7247576032366,116059270000,1.4374233938405312,3.449219683953833,1.0
2009-09-30,1044.5523826962426,112295490000,1.3529408401820442,2.2125503126379757,0.0
2009-10-31,1067.6636297052557,113410990000,1.5228688507732857,1.9112177351244795,0.0
2009-11-30,1088.0690063476563,84981530000,1.3083690910093124,2.0503036029540804,0.0
2009-12-31,1110.377724387429,89515330000,0.891449283865152,1.1891320259621632,0.0
2010-01-31,1123.5815815172698,90947580000,1.3228625582050326,-3.0635596806751644,1.0
2010-02-28,1089.1599892064144,84561340000,1.400494217369679,5.774055377473099,1.0
2010-03-31,1152.0486901324728,103683550000,0.8509419131813668,3.9293039969677896,1.0
2010-04-30,1197.316185360863,116741910000,1.1015162624006085,-6.034678277054432,1.0
2010-05-31,1125.0620056152343,127662780000,2.760121211892396,-3.7065610674653,1.0
2010-06-30,1083.3608953302557,110106750000,1.9059577601899258,-0.3283817367172659,1.0
2010-07-31,1079.8033360072545,94778110000,1.7482274499328387,0.6926200998882381,1.0
2010-08-31,1087.2822709517045,85738250000,1.400373046025126,3.20060699459861,1.0
2010-09-30,1122.0819033668154,79589450000,1.1576104163097218,4.411612599177743,1.0
2010-10-31,1171.5838099888392,89536270000,1.082786933025338,2.330584564996031,1.0
2010-11-30,1198.8885614304315,87151070000,1.145337030907969,3.556368089695785,1.0
2010-12-31,1241.5254516601562,80984530000,0.6516216950719551,3.309883662936904,0.0
2011-01-31,1282.6184997558594,92164940000,0.8895041803605345,3.0016242592460154,1.0
2011-02-28,1321.1178877981085,59223660000,0.8947194195833668,-1.2588864375802684,0.0
2011-03-31,1304.4865138841712,89507640000,1.2558875314549414,2.0711978862631626,1.0
2011-04-30,1331.5050109863282,77364810000,0.809061740611837,0.5111099434332812,1.0
2011-05-31,1338.3104654947917,81708980000,1.0649205436060638,-3.8124057165892014,1.0
2011-06-30,1287.2886408025568,86122730000,1.2855415914243968,2.9438512210940666,1.0
2011-07-31,1325.184503173828,81102170000,1.2549717147352102,-10.555424500597974,1.0
2011-08-31,1185.3056534476902,108419170000,3.34591428389964,-0.9640210548039725,1.0
2011-09-30,1173.8790573846727,102786820000,2.563837557351059,2.839911737844423,1.0
2011-10-31,1207.2161865234375,98063670000,2.31708592870429,1.5903187317457903,1.0
2011-11-30,1226.414771670387,84275050000,2.1032678732256693,1.3786588055186608,1.0
2011-12-31,1243.3228469122023,74742430000,1.4858765807903862,4.605012154864673,1.0
2012-01-31,1300.5780151367187,79567560000,1.0360830647576307,3.9912626739138326,1.0
2012-02-29,1352.4875,78385710000,0.8551080589623262,2.7174004441206505,1.0
2012-03-31,1389.2400013316762,83899660000,0.8769110213719783,-0.20234198074332546,1.0
2012-04-30,1386.4289855957031,74761710000,1.140250678493207,-3.2570200053106015,1.0
2012-05-31,1341.2727161754262,86920490000,1.3084538563894232,-1.3262345786289695,1.0
2012-06-30,1323.4842936197917,81582440000,1.5191192646210092,2.742148521850573,1.0
2012-07-31,1359.7761986142114,73103810000,1.1875969194657843,3.2117093636446126,1.0
2012-08-31,1403.4482581097147,70283810000,0.803302230845153,2.8480717975589447,1.0
2012-09-30,1443.4194721422698,69784280000,0.8493537657924701,-0.3881622933619758,1.0
2012-10-31,1437.816662016369,71752320000,0.9901687952909431,-3.0118078284999976,1.0
2012-11-30,1394.5123872302827,71489310000,1.2356253383038973,1.991599713806657,1.0
2012-12-31,1422.2854919433594,66388180000,0.9869298760392142,4.08565993298775,1.0
2013-01-31,1480.395240420387,75848510000,0.7066035601156115,2.1559337647444337,1.0
2013-02-28,1512.3115812602796,69273480000,0.9473249065376719,2.5469225265950346,1.0
2013-03-31,1550.8289855957032,68527110000,0.7773937240918882,1.2814616922977533,1.0
2013-04-30,1570.702264959162,77098000000,1.0553140917255908,4.40188188958145,1.0
2013-05-31,1639.842723499645,76447250000,0.9492137002948757,-1.2848919794904354,1.0
2013-06-30,1618.7725158691405,74946790000,1.2798520773012692,3.082763416351999,1.0
2013-07-31,1668.6754427823153,68106820000,0.7141181326273658,0.08498933994670707,1.0
2013-08-31,1670.0936390269887,64802810000,0.7997073799625274,1.0226891003329592,1.0
2013-09-30,1687.1735046386718,66174410000,0.7753299077200562,1.9472227952877779,1.0
2013-10-31,1720.0265317170517,76647400000,0.8668233077512031,3.692644882489832,1.0
2013-11-30,1783.5410034179688,63628190000,0.6903084847481122,1.3587705700650694,1.0
2013-12-31,1807.7752336774554,64958820000,0.6665770562700577,0.8065951142414552,0.0
2014-01-31,1822.3566603887648,75871910000,0.8950122982949236,-0.2920351357891275,0.0
2014-02-28,1817.0347386410363,69725590000,0.9828974064434504,2.558487135744484,0.0
2014-03-31,1863.5233386811756,71885030000,0.9540655134251042,0.03970951325840818,0.0
2014-04-30,1864.2633347284227,71595810000,0.9541775595614483,1.368036744384658,0.0
2014-05-31,1889.7671421595983,63623630000,0.7118529769199036,3.0332027776734236,0.0
2014-06-30,1947.087611607143,63283380000,0.5471272242899266,1.3359632571759321,0.0
2014-07-31,1973.0999866832387,66524690000,0.6855534292511196,-0.5862895903286645,0.0
2014-08-31,1961.5319068545386,58131140000,0.6964552520388898,1.6157924075003116,0.0
2014-09-30,1993.2261904761904,66706000000,0.8075214593700857,-2.8070993833962206,0.0
2014-10-31,1937.2743503736413,93714040000,1.4961457876113653,5.538593674759178,0.0
2014-11-30,2044.5721050061677,63600190000,0.5184432491102576,0.47414605435638507,0.0
2014-12-31,2054.2663629705257,80743820000,1.0275350173366202,-1.2699352878132926,0.0
2015-01-31,2028.1785095214843,77330040000,1.5020039499045552,2.6633397692275533,0.0
2015-02-28,2082.1957943564967,68775560000,0.7981010045022968,-0.1059148562014553,0.0
2015-03-31,2079.9904396750712,76675850000,0.9859635997134025,0.7150225074581704,0.0
2015-04-30,2094.862839471726,72060940000,0.8489291359696126,0.815360236137824,0.0
2015-05-31,2111.9435180664063,65187730000,0.7835432230399099,-0.599441218184215,0.0
2015-06-30,2099.2836581143465,73213980000,0.8280365481097849,-0.24484691597162295,1.0
2015-07-31,2094.1436268199573,77920590000,0.8902619805105049,-2.5918671957449204,1.0
2015-08-31,2039.8662051246279,84626790000,1.6558012320873199,-4.679905988181767,1.0
2015-09-30,1944.4023844401042,79989370000,1.6951928295172978,4.135477954601581,1.0
2015-10-31,2024.8127163973722,85844900000,1.0490642142591968,2.7559974834692813,1.0
2015-11-30,2080.61650390625,75943590000,0.9162933181529452,-1.2754364754836292,1.0
2015-12-31,2054.0795621004972,83649260000,1.3003680217002882,-6.595736458272125,1.0
2016-01-31,1918.5978875411183,92409770000,2.17485661230671,-0.7390498019857014,1.0
2016-02-29,1904.4184936523438,93049560000,1.5886091152780564,6.171731539292189,1.0
2016-03-31,2021.9540904651988,92639420000,0.9220072012753113,2.649968246302268,1.0
2016-04-30,2075.5352318173364,81124990000,0.879283673688863,-0.4810688194359931,1.0
2016-05-31,2065.5504789806546,78883600000,0.8706396706479222,0.8879419663262172,1.0
2016-06-30,2083.891368519176,86852700000,1.0505538219932413,3.1196736068868773,1.0
2016-07-31,2148.9019775390625,69530250000,0.6486862598440309,1.3299903801676776,1.0
2016-08-31,2177.482167119565,75610310000,0.5346803516101077,-0.9089030875517679,1.0
2016-09-30,2157.690964471726,77270240000,0.9101930630065234,-0.6798946998551418,1.0
2016-10-31,2143.0209379650296,73196630000,0.6676061416603141,1.0249433570586108,1.0
2016-11-30,2164.9856887090773,88299760000,0.8043150197107345,3.7710806808396446,1.0
2016-12-31,2246.6290457589284,75251240000,0.5984433799264878,1.2679856204456257,0.0
2017-01-31,2275.1159790039064,70483180000,0.5562579977939994,2.408429426761852,0.0
2017-02-28,2329.9105417351975,69162420000,0.49937950531788006,1.5842508841144003,1.0
2017-03-31,2366.822170091712,81547770000,0.6312258507046082,-0.3174178237683167,1.0
2017-04-30,2359.309454666941,65265670000,0.6312912683229881,1.5274141314355207,1.0
2017-05-31,2395.345880681818,79607170000,0.4558186070912691,1.6131102847407375,1.0
2017-06-30,2433.98545143821,81002490000,0.5804961341452168,0.8265066248160702,1.0
2017-07-31,2454.102502441406,63169400000,0.447847964942275,0.08640909595527269,1.0
2017-08-31,2456.2230702275815,70616030000,0.5788975482973749,1.490824276318203,1.0
2017-09-30,2492.8410400390626,66337980000,0.39824187787022214,2.5736189750732197,1.0
2017-10-31,2556.9972700639205,70871570000,0.36921167751042816,1.4316975034266435,1.0
2017-11-30,2593.605736142113,73173260000,0.4799798662745324,2.727276170619993,1.0
2017-12-31,2664.34052734375,65251190000,0.5236466521671338,4.708980963125185,1.0
2018-01-31,2789.8038155691966,76860120000,0.6732997866708971,-3.0342122036792496,1.0
2018-02-28,2705.1552477384867,79579410000,2.027674597474486,-0.08803289907017665,1.0
2018-03-31,2702.7738211495534,76369800000,1.4994069663951815,-1.818450789391497,
2018-04-30,2653.6252092633927,69648590000,1.3819832767544684,1.8038873621396372,
2018-05-31,2701.4936190518465,75617280000,0.8765629094327633,1.9566682819531243,
2018-06-30,2754.3528878348216,77439710000,0.7354966975895749,1.4264863949918765,
2018-07-31,2793.643357049851,64542170000,0.6654266405241167,2.297253586471709,
2018-08-31,2857.8204292629075,69238220000,0.5631424173804601,1.528440495074138,
2018-09-30,2901.5005139802633,62492080000,0.5615923075865269,-3.9991629627507685,
2018-10-31,2785.4647800611415,91327930000,1.693056667516816,-2.2342180897639468,
2018-11-30,2723.231422061012,80080110000,1.3683685135321737,-5.725699068447987,
2018-12-31,2567.3073858963817,83522570000,2.537014979201059,1.5612704397469312,
2019-01-31,2607.3899972098216,80401630000,1.2449676898333022,5.656008857994582,
2019-02-28,2754.8642064144738,70183430000,0.6915260263208229,1.7830130132713273,
2019-03-31,2803.9837937127977,78596280000,0.9291872211190556,3.559798939803962,
2019-04-30,2903.799979073661,69604840000,0.5570602514965196,-1.690683552754113,
2019-05-31,2854.705910422585,76860120000,1.108791896005283,1.2421618791573508,
2019-06-30,2890.165979003906,70881390000,0.7705934630681416,3.6657983703844272,
2019-07-31,2996.1136363636365,70349470000,0.6622569037514585,-3.293038842577324,
2019-08-31,2897.450450550426,79599440000,1.4277814218067943,2.9234513844009844,
2019-09-30,2982.156005859375,73992330000,0.7909921053140171,-0.15025399124355196,
2019-10-31,2977.675197435462,77564550000,0.8586398673418575,4.272772761166667,
2019-11-30,3104.9044921875,72179920000,0.48671320337790125,2.313920434977142,
2019-12-31,3176.74951171875,72054000000,0.5173709484509537,3.193621200377444,
2020-01-31,3278.202857607887,77104420000,0.7766444852902583,1.5716201685127107,
2020-02-29,3329.7237548828125,27047182296,0.6834605562321047,,
